X,Y,PROVINCIA,NEW_NCART,SIMBC,TIPO_UC,LIMIT_PPAL,LIMIT_SECU,LIMIT_TERC,IND_PROD,PORC_SUE1,POSI_SUE1,ORDEN_SUE1,GGRUP_SUE1,SGRUP_SUE1,TEXT_SUPS1,TEXT_BS1,DRENAJE_S1,PROFUND_S1,ALCALIN_S1,PORC_PENS1,ERHIDR_S1,EREOLI_S1,ROCOS_S1,ANEGAB_S1,PORC_SUE2,POSI_SUE2,ORDEN_SUE2,GGRUP_SUE2,SGRUP_SUE2,PORC_SUE3,POSI_SUE3,ORDEN_SUE3,GGRUP_SUE3,SGRUP_SUE3,OGC_FID,AREA,PERIMETER
-62.1397231954839,-37.9104147331673,BUENOS AIRES,1154.00000,MJli-4,Asociacion,Prof.Efectiva somera,Rocosidad,-,5.00000,60.00000,Afloramiento rocoso,Roca,Rocas,No Clasificado xx,No determinada,No determinada,-,0.00000,-,0.00000,-,-,-,-,40.00000,Pendiente,Molisoles,Hapludoles,Hapludoles litico,0.00000,,,,,2761.00000,0.003669,0.423325
-61.921910007372,-37.9186215911842,BUENOS AIRES,1161.00000,MJtc-6,Asociacion,Prof.Efectiva somera,Pedregosidad,-,36.00000,50.00000,Pendiente,Molisoles,Hapludoles,Hapludoles tipico,Franca,Franca,Bien drenado,100.00000,No sodico,0.00000,-,Moderada,-,-,30.00000,Planicie arenosa,Molisoles,Argiudoles,Argiudoles tipico,20.00000,Loma,Molisoles,Hapludoles,Hapludoles litico,2766.00000,0.004245,0.435664
-62.1865913165172,-37.9758314271948,BUENOS AIRES,1154.00000,MJli-4,Asociacion,Prof.Efectiva somera,Rocosidad,-,5.00000,60.00000,Afloramiento rocoso,Roca,Rocas,No Clasificado xx,No determinada,No determinada,-,0.00000,-,0.00000,-,-,-,-,40.00000,Pendiente,Molisoles,Hapludoles,Hapludoles litico,0.00000,,,,,2781.00000,0.002124,0.259083
-62.1143332246521,-37.9659826682561,BUENOS AIRES,1154.00000,MJli-4,Asociacion,Prof.Efectiva somera,Rocosidad,-,5.00000,60.00000,Afloramiento rocoso,Roca,Rocas,No Clasificado xx,No determinada,No determinada,-,0.00000,-,0.00000,-,-,-,-,40.00000,Pendiente,Molisoles,Hapludoles,Hapludoles litico,0.00000,,,,,2789.00000,0.000224,0.060234
-61.6429879466142,-37.9794388960342,BUENOS AIRES,1154.00000,MJli-4,Asociacion,Prof.Efectiva somera,Rocosidad,-,5.00000,60.00000,Afloramiento rocoso,Roca,Rocas,No Clasificado xx,No determinada,No determinada,-,0.00000,-,0.00000,-,-,-,-,40.00000,Pendiente,Molisoles,Hapludoles,Hapludoles litico,0.00000,,,,,2792.00000,0.000482,0.104656
-62.1462099076843,-38.037312158472,BUENOS AIRES,1100.00000,MItc-33,Asociacion,Prof.Efectiva somera,Pedregosidad,-,65.00000,50.00000,Pendiente,Molisoles,Argiudoles,Argiudoles tipico,Franco limosa,Franco arcillo limos,Bien drenado,100.00000,No sodico,0.00000,-,-,-,-,30.00000,Planicie,Molisoles,Argiudoles,Argiudoles tipico,20.00000,Loma,Molisoles,Hapludoles,Hapludoles petrocalcico,2796.00000,0.008839,0.940091
-62.1362930592005,-38.0040522965251,BUENOS AIRES,1154.00000,MJli-4,Asociacion,Prof.Efectiva somera,Rocosidad,-,5.00000,60.00000,Afloramiento rocoso,Roca,Rocas,No Clasificado xx,No determinada,No determinada,-,0.00000,-,0.00000,-,-,-,-,40.00000,Pendiente,Molisoles,Hapludoles,Hapludoles litico,0.00000,,,,,2798.00000,0.001474,0.183982
-61.5175267668777,-38.0552544573222,BUENOS AIRES,1154.00000,MJli-4,Asociacion,Prof.Efectiva somera,Rocosidad,-,5.00000,60.00000,Afloramiento rocoso,Roca,Rocas,No Clasificado xx,No determinada,No determinada,-,0.00000,-,0.00000,-,-,-,-,40.00000,Pendiente,Molisoles,Hapludoles,Hapludoles litico,0.00000,,,,,2804.00000,0.001498,0.237639
-62.3690904702294,-38.0199452031762,BUENOS AIRES,50015.00000,L,Agua,No apto agrricultura,No apto agrricultura,No apto agrricultura,0.00000,100.00000,Lago/laguna,Lagunas,Lagunas,No Clasificado xx,No determinada,No determinada,-,0.00000,-,0.00000,-,-,-,-,0.00000,,,,,0.00000,,,,,2806.00000,0.000236,0.070386
-61.9313744598394,-38.0720886223441,BUENOS AIRES,1088.00000,MItc-22,Asociacion,Suscep eros hidrica,-,-,52.00000,50.00000,Pendiente,Molisoles,Hapludoles,Hapludoles tipico,Franca,Franca,Bien drenado,100.00000,No sodico,0.00000,-,Moderada,-,-,50.00000,Valle,Molisoles,Argiudoles,Argiudoles tipico,0.00000,,,,,2822.00000,0.001192,0.234875
-62.1821285935536,-38.1231670350647,BUENOS AIRES,1099.00000,MItc-32,Asociacion,Prof.Efectiva somera,Suscep eros hidrica,-,55.00000,50.00000,Pendiente,Molisoles,Argiudoles,Argiudoles tipico,Franco limosa,Franco arcillo limos,Bien drenado,100.00000,No sodico,0.00000,-,-,-,-,30.00000,Pendiente,Molisoles,Argiudoles,Argiudoles tipico,20.00000,Afloramiento rocoso,Molisoles,Hapludoles,Hapludoles petrocalcico,2824.00000,0.018103,1.768196
-62.1603444646554,-38.0833988682892,BUENOS AIRES,1154.00000,MJli-4,Asociacion,Prof.Efectiva somera,Rocosidad,-,5.00000,60.00000,Afloramiento rocoso,Roca,Rocas,No Clasificado xx,No determinada,No determinada,-,0.00000,-,0.00000,-,-,-,-,40.00000,Pendiente,Molisoles,Hapludoles,Hapludoles litico,0.00000,,,,,2827.00000,0.002206,0.316436
-61.5865377786672,-38.1801680428725,BUENOS AIRES,1154.00000,MJli-4,Asociacion,Prof.Efectiva somera,Rocosidad,-,5.00000,60.00000,Afloramiento rocoso,Roca,Rocas,No Clasificado xx,No determinada,No determinada,-,0.00000,-,0.00000,-,-,-,-,40.00000,Pendiente,Molisoles,Hapludoles,Hapludoles litico,0.00000,,,,,2828.00000,0.038359,2.733063
-62.4097112313978,-38.066583245528,BUENOS AIRES,50015.00000,L,Agua,No apto agrricultura,No apto agrricultura,No apto agrricultura,0.00000,100.00000,Lago/laguna,Lagunas,Lagunas,No Clasificado xx,No determinada,No determinada,-,0.00000,-,0.00000,-,-,-,-,0.00000,,,,,0.00000,,,,,2829.00000,0.000179,0.059411
-62.1001059037245,-38.0918445329897,BUENOS AIRES,1154.00000,MJli-4,Asociacion,Prof.Efectiva somera,Rocosidad,-,5.00000,60.00000,Afloramiento rocoso,Roca,Rocas,No Clasificado xx,No determinada,No determinada,-,0.00000,-,0.00000,-,-,-,-,40.00000,Pendiente,Molisoles,Hapludoles,Hapludoles litico,0.00000,,,,,2837.00000,0.000159,0.051058
-62.089488026844,-38.1137386297567,BUENOS AIRES,1154.00000,MJli-4,Asociacion,Prof.Efectiva somera,Rocosidad,-,5.00000,60.00000,Afloramiento rocoso,Roca,Rocas,No Clasificado xx,No determinada,No determinada,-,0.00000,-,0.00000,-,-,-,-,40.00000,Pendiente,Molisoles,Hapludoles,Hapludoles litico,0.00000,,,,,2850.00000,0.000118,0.045652
-62.1188250184255,-38.1317650859544,BUENOS AIRES,1154.00000,MJli-4,Asociacion,Prof.Efectiva somera,Rocosidad,-,5.00000,60.00000,Afloramiento rocoso,Roca,Rocas,No Clasificado xx,No determinada,No determinada,-,0.00000,-,0.00000,-,-,-,-,40.00000,Pendiente,Molisoles,Hapludoles,Hapludoles litico,0.00000,,,,,2853.00000,0.000433,0.090554
-61.8885320463353,-38.1326697636079,BUENOS AIRES,1088.00000,MItc-22,Asociacion,Suscep eros hidrica,-,-,52.00000,50.00000,Pendiente,Molisoles,Hapludoles,Hapludoles tipico,Franca,Franca,Bien drenado,100.00000,No sodico,0.00000,-,Moderada,-,-,50.00000,Valle,Molisoles,Argiudoles,Argiudoles tipico,0.00000,,,,,2855.00000,0.000539,0.134496
-62.0704521500068,-38.4185938268027,BUENOS AIRES,1191.00000,MNtc-17,Asociacion,Prof.Efectiva somera,-,-,33.00000,50.00000,Loma,Molisoles,Haplustoles,Haplustoles tipico,Franco arcillosa,Franco arcillosa,Bien drenado,100.00000,No sodico,0.00000,-,-,-,-,30.00000,Loma,Molisoles,Argiustoles,Argiustoles tipico,20.00000,Planicie,Molisoles,Haplustoles,Haplustoles tipico,2858.00000,0.102600,4.365161
-61.8742046755377,-38.1568860934779,BUENOS AIRES,1088.00000,MItc-22,Asociacion,Suscep eros hidrica,-,-,52.00000,50.00000,Pendiente,Molisoles,Hapludoles,Hapludoles tipico,Franca,Franca,Bien drenado,100.00000,No sodico,0.00000,-,Moderada,-,-,50.00000,Valle,Molisoles,Argiudoles,Argiudoles tipico,0.00000,,,,,2859.00000,0.001287,0.201126
-62.0244313155641,-38.1597311396411,BUENOS AIRES,1099.00000,MItc-32,Asociacion,Prof.Efectiva somera,Suscep eros hidrica,-,55.00000,50.00000,Pendiente,Molisoles,Argiudoles,Argiudoles tipico,Franco limosa,Franco arcillo limos,Bien drenado,100.00000,No sodico,0.00000,-,-,-,-,30.00000,Pendiente,Molisoles,Argiudoles,Argiudoles tipico,20.00000,Afloramiento rocoso,Molisoles,Hapludoles,Hapludoles petrocalcico,2862.00000,0.001657,0.191568
-61.7340713299924,-38.1685040971943,BUENOS AIRES,1099.00000,MItc-32,Asociacion,Prof.Efectiva somera,Suscep eros hidrica,-,55.00000,50.00000,Pendiente,Molisoles,Argiudoles,Argiudoles tipico,Franco limosa,Franco arcillo limos,Bien drenado,100.00000,No sodico,0.00000,-,-,-,-,30.00000,Pendiente,Molisoles,Argiudoles,Argiudoles tipico,20.00000,Afloramiento rocoso,Molisoles,Hapludoles,Hapludoles petrocalcico,2864.00000,0.001674,0.181229
-62.0721445455243,-38.175696192582,BUENOS AIRES,1167.00000,MKtc-8,Asociacion,Prof.Efectiva somera,-,-,37.00000,60.00000,Planicie,Molisoles,Argiustoles,Argiustoles tipico,Franca,Franco arcillosa,Bien drenado,110.00000,No sodico,0.00000,-,-,-,-,40.00000,Loma,Molisoles,Haplustoles,Haplustoles litico,0.00000,,,,,2869.00000,0.001482,0.225019
-61.6270721667429,-38.2807951238101,BUENOS AIRES,1092.00000,MItc-26,Asociacion,Prof.Efectiva somera,Drenaje deficiente,-,56.00000,50.00000,Pendiente,Molisoles,Argiudoles,Argiudoles tipico,Franco limosa,Franco arcillo limos,Bien drenado,100.00000,No sodico,0.00000,-,-,-,-,30.00000,Planicie,Molisoles,Argiudoles,Argiudoles acuico,20.00000,Plano bajo,Molisoles,Natracuoles,Natracuoles tipico,2873.00000,0.029567,1.315495
-62.0051518354815,-38.2479243699131,BUENOS AIRES,1100.00000,MItc-33,Asociacion,Prof.Efectiva somera,Pedregosidad,-,65.00000,50.00000,Pendiente,Molisoles,Argiudoles,Argiudoles tipico,Franco limosa,Franco arcillo limos,Bien drenado,100.00000,No sodico,0.00000,-,-,-,-,30.00000,Planicie,Molisoles,Argiudoles,Argiudoles tipico,20.00000,Loma,Molisoles,Hapludoles,Hapludoles petrocalcico,2876.00000,0.008355,0.972100
-62.0161110933127,-38.2302557651025,BUENOS AIRES,1154.00000,MJli-4,Asociacion,Prof.Efectiva somera,Rocosidad,-,5.00000,60.00000,Afloramiento rocoso,Roca,Rocas,No Clasificado xx,No determinada,No determinada,-,0.00000,-,0.00000,-,-,-,-,40.00000,Pendiente,Molisoles,Hapludoles,Hapludoles litico,0.00000,,,,,2883.00000,0.000730,0.173790
-61.6247424805081,-38.24137194007,BUENOS AIRES,1099.00000,MItc-32,Asociacion,Prof.Efectiva somera,Suscep eros hidrica,-,55.00000,50.00000,Pendiente,Molisoles,Argiudoles,Argiudoles tipico,Franco limosa,Franco arcillo limos,Bien drenado,100.00000,No sodico,0.00000,-,-,-,-,30.00000,Pendiente,Molisoles,Argiudoles,Argiudoles tipico,20.00000,Afloramiento rocoso,Molisoles,Hapludoles,Hapludoles petrocalcico,2884.00000,0.001848,0.244353
-62.3859618067055,-38.3063211435593,BUENOS AIRES,1097.00000,MItc-30,Asociacion,Prof.Efectiva somera,-,-,65.00000,50.00000,Lomas con tosca subsup,Molisoles,Argiudoles,Argiudoles tipico,Franco limosa,Franco arcillo limos,Bien drenado,100.00000,No sodico,0.00000,-,-,-,-,30.00000,Planicie,Molisoles,Argiudoles,Argiudoles tipico,20.00000,Plano bajo,Molisoles,Natracuoles,Natracuoles tipico,2898.00000,0.022034,1.273480
-61.9660497014609,-38.2612300443367,BUENOS AIRES,1154.00000,MJli-4,Asociacion,Prof.Efectiva somera,Rocosidad,-,5.00000,60.00000,Afloramiento rocoso,Roca,Rocas,No Clasificado xx,No determinada,No determinada,-,0.00000,-,0.00000,-,-,-,-,40.00000,Pendiente,Molisoles,Hapludoles,Hapludoles litico,0.00000,,,,,2902.00000,0.000350,0.082208
-61.6605233532178,-38.5681273099278,BUENOS AIRES,1192.00000,MNtc-19,Asociacion,Prof.Efectiva somera,Erosion hidrica actu,-,45.00000,50.00000,Valle,Molisoles,Haplustoles,Haplustoles tipico,Franco arcillosa,Franco arcillosa,Bien drenado,100.00000,No sodico,0.00000,-,-,-,-,30.00000,Pendiente,Molisoles,Haplustoles,Haplustoles entico,20.00000,Loma,Molisoles,Haplustoles,Haplustoles litico,2903.00000,0.045448,3.783110
-61.9337008177925,-38.5668616627504,BUENOS AIRES,1081.00000,MItc-13,Asociacion,Prof.Efectiva somera,Erosion hidrica actu,-,24.00000,60.00000,Borde de valle,Molisoles,Argiudoles,Argiudoles tipico,Franco limosa,Franco arcillo limos,Bien drenado,100.00000,No sodico,0.00000,-,-,-,-,40.00000,Valle,Entisoles,Udipsamentes,Udipsamentes tipico,0.00000,,,,,2904.00000,0.014490,1.749350
-61.9032076697545,-38.3377092645488,BUENOS AIRES,1154.00000,MJli-4,Asociacion,Prof.Efectiva somera,Rocosidad,-,5.00000,60.00000,Afloramiento rocoso,Roca,Rocas,No Clasificado xx,No determinada,No determinada,-,0.00000,-,0.00000,-,-,-,-,40.00000,Pendiente,Molisoles,Hapludoles,Hapludoles litico,0.00000,,,,,2916.00000,0.001484,0.180826
-62.3977992599367,-38.4402629657346,BUENOS AIRES,1167.00000,MKtc-8,Asociacion,Prof.Efectiva somera,-,-,37.00000,60.00000,Planicie,Molisoles,Argiustoles,Argiustoles tipico,Franca,Franco arcillosa,Bien drenado,110.00000,No sodico,0.00000,-,-,-,-,40.00000,Loma,Molisoles,Haplustoles,Haplustoles litico,0.00000,,,,,2918.00000,0.013687,1.066910
-61.6679525038769,-38.3692619566556,BUENOS AIRES,1099.00000,MItc-32,Asociacion,Prof.Efectiva somera,Suscep eros hidrica,-,55.00000,50.00000,Pendiente,Molisoles,Argiudoles,Argiudoles tipico,Franco limosa,Franco arcillo limos,Bien drenado,100.00000,No sodico,0.00000,-,-,-,-,30.00000,Pendiente,Molisoles,Argiudoles,Argiudoles tipico,20.00000,Afloramiento rocoso,Molisoles,Hapludoles,Hapludoles petrocalcico,2927.00000,0.002995,0.409409
-62.0907806409465,-38.3918001911839,BUENOS AIRES,1191.00000,MNtc-17,Asociacion,Prof.Efectiva somera,-,-,33.00000,50.00000,Loma,Molisoles,Haplustoles,Haplustoles tipico,Franco arcillosa,Franco arcillosa,Bien drenado,100.00000,No sodico,0.00000,-,-,-,-,30.00000,Loma,Molisoles,Argiustoles,Argiustoles tipico,20.00000,Planicie,Molisoles,Haplustoles,Haplustoles tipico,2928.00000,0.002915,0.344676
-61.6080851396635,-38.4739702657099,BUENOS AIRES,1191.00000,MNtc-17,Asociacion,Prof.Efectiva somera,-,-,33.00000,50.00000,Loma,Molisoles,Haplustoles,Haplustoles tipico,Franco arcillosa,Franco arcillosa,Bien drenado,100.00000,No sodico,0.00000,-,-,-,-,30.00000,Loma,Molisoles,Argiustoles,Argiustoles tipico,20.00000,Planicie,Molisoles,Haplustoles,Haplustoles tipico,2939.00000,0.026316,1.167929
-61.4654800098142,-38.4065208713474,BUENOS AIRES,1099.00000,MItc-32,Asociacion,Prof.Efectiva somera,Suscep eros hidrica,-,55.00000,50.00000,Pendiente,Molisoles,Argiudoles,Argiudoles tipico,Franco limosa,Franco arcillo limos,Bien drenado,100.00000,No sodico,0.00000,-,-,-,-,30.00000,Pendiente,Molisoles,Argiudoles,Argiudoles tipico,20.00000,Afloramiento rocoso,Molisoles,Hapludoles,Hapludoles petrocalcico,2940.00000,0.001290,0.154887
-61.4898483027005,-38.4185190131494,BUENOS AIRES,1099.00000,MItc-32,Asociacion,Prof.Efectiva somera,Suscep eros hidrica,-,55.00000,50.00000,Pendiente,Molisoles,Argiudoles,Argiudoles tipico,Franco limosa,Franco arcillo limos,Bien drenado,100.00000,No sodico,0.00000,-,-,-,-,30.00000,Pendiente,Molisoles,Argiudoles,Argiudoles tipico,20.00000,Afloramiento rocoso,Molisoles,Hapludoles,Hapludoles petrocalcico,2941.00000,0.000631,0.162753
-61.8283802896805,-38.5849174282743,BUENOS AIRES,1191.00000,MNtc-17,Asociacion,Prof.Efectiva somera,-,-,33.00000,50.00000,Loma,Molisoles,Haplustoles,Haplustoles tipico,Franco arcillosa,Franco arcillosa,Bien drenado,100.00000,No sodico,0.00000,-,-,-,-,30.00000,Loma,Molisoles,Argiustoles,Argiustoles tipico,20.00000,Planicie,Molisoles,Haplustoles,Haplustoles tipico,2946.00000,0.021433,0.921572
-61.697415068441,-38.4542795333867,BUENOS AIRES,1154.00000,MJli-4,Asociacion,Prof.Efectiva somera,Rocosidad,-,5.00000,60.00000,Afloramiento rocoso,Roca,Rocas,No Clasificado xx,No determinada,No determinada,-,0.00000,-,0.00000,-,-,-,-,40.00000,Pendiente,Molisoles,Hapludoles,Hapludoles litico,0.00000,,,,,2953.00000,0.000502,0.118692
-62.3021038916062,-38.6180585733774,BUENOS AIRES,1191.00000,MNtc-17,Asociacion,Prof.Efectiva somera,-,-,33.00000,50.00000,Loma,Molisoles,Haplustoles,Haplustoles tipico,Franco arcillosa,Franco arcillosa,Bien drenado,100.00000,No sodico,0.00000,-,-,-,-,30.00000,Loma,Molisoles,Argiustoles,Argiustoles tipico,20.00000,Planicie,Molisoles,Haplustoles,Haplustoles tipico,2958.00000,0.023110,2.191227
-61.6012039938531,-38.6136621458698,BUENOS AIRES,1167.00000,MKtc-8,Asociacion,Prof.Efectiva somera,-,-,37.00000,60.00000,Planicie,Molisoles,Argiustoles,Argiustoles tipico,Franca,Franco arcillosa,Bien drenado,110.00000,No sodico,0.00000,-,-,-,-,40.00000,Loma,Molisoles,Haplustoles,Haplustoles litico,0.00000,,,,,2962.00000,0.035403,1.468081
-62.1826529332783,-38.5122530535175,BUENOS AIRES,1191.00000,MNtc-17,Asociacion,Prof.Efectiva somera,-,-,33.00000,50.00000,Loma,Molisoles,Haplustoles,Haplustoles tipico,Franco arcillosa,Franco arcillosa,Bien drenado,100.00000,No sodico,0.00000,-,-,-,-,30.00000,Loma,Molisoles,Argiustoles,Argiustoles tipico,20.00000,Planicie,Molisoles,Haplustoles,Haplustoles tipico,2973.00000,0.001041,0.187346
-62.1434391086227,-38.6213017821945,BUENOS AIRES,1191.00000,MNtc-17,Asociacion,Prof.Efectiva somera,-,-,33.00000,50.00000,Loma,Molisoles,Haplustoles,Haplustoles tipico,Franco arcillosa,Franco arcillosa,Bien drenado,100.00000,No sodico,0.00000,-,-,-,-,30.00000,Loma,Molisoles,Argiustoles,Argiustoles tipico,20.00000,Planicie,Molisoles,Haplustoles,Haplustoles tipico,2981.00000,0.004107,0.517381
-62.0916615079271,-38.5999901717839,BUENOS AIRES,1191.00000,MNtc-17,Asociacion,Prof.Efectiva somera,-,-,33.00000,50.00000,Loma,Molisoles,Haplustoles,Haplustoles tipico,Franco arcillosa,Franco arcillosa,Bien drenado,100.00000,No sodico,0.00000,-,-,-,-,30.00000,Loma,Molisoles,Argiustoles,Argiustoles tipico,20.00000,Planicie,Molisoles,Haplustoles,Haplustoles tipico,2993.00000,0.001066,0.198156
-61.5121352807427,-38.7778712968249,BUENOS AIRES,1164.00000,MKtc-10,Asociacion,Prof.Efectiva somera,Drenaje deficiente,-,61.00000,50.00000,Pendiente,Molisoles,Argiustoles,Argiustoles tipico,Franca,Franco arcillosa,Bien drenado,110.00000,No sodico,0.00000,-,-,-,-,30.00000,Loma,Molisoles,Argiustoles,Argiustoles tipico,20.00000,Plano bajo,Alfisoles,Natrustalfes,Natrustalfes tipico,2997.00000,0.079268,2.352386
-62.40587653382,-38.680704523677,BUENOS AIRES,1034.00000,DKah-1,Asociacion,Salin en 1ros 50cm,Alcalin menos 50cm,Drenaje deficiente,26.00000,60.00000,Llanura,Aridisoles,Salortides,Salortides acuolico,Franco arenosa,Arcillo arenosa,Muy pobre,80.00000,Muy fuerte,0.00000,-,-,-,-,40.00000,Llanura,Molisoles,Natrustoles,Natrustoles tipico,0.00000,,,,,3014.00000,0.004415,0.553069
-62.0433154971424,-38.6700793110042,BUENOS AIRES,50015.00000,L,Agua,No apto agrricultura,No apto agrricultura,No apto agrricultura,0.00000,100.00000,Lago/laguna,Lagunas,Lagunas,No Clasificado xx,No determinada,No determinada,-,0.00000,-,0.00000,-,-,-,-,0.00000,,,,,0.00000,,,,,3018.00000,0.000253,0.067134
-61.9655486673053,-38.6750866136374,BUENOS AIRES,50015.00000,L,Agua,No apto agrricultura,No apto agrricultura,No apto agrricultura,0.00000,100.00000,Lago/laguna,Lagunas,Lagunas,No Clasificado xx,No determinada,No determinada,-,0.00000,-,0.00000,-,-,-,-,0.00000,,,,,0.00000,,,,,3021.00000,0.000529,0.088666
-61.9192748899598,-38.7730231235947,BUENOS AIRES,1164.00000,MKtc-10,Asociacion,Prof.Efectiva somera,Drenaje deficiente,-,61.00000,50.00000,Pendiente,Molisoles,Argiustoles,Argiustoles tipico,Franca,Franco arcillosa,Bien drenado,110.00000,No sodico,0.00000,-,-,-,-,30.00000,Loma,Molisoles,Argiustoles,Argiustoles tipico,20.00000,Plano bajo,Alfisoles,Natrustalfes,Natrustalfes tipico,3024.00000,0.050315,1.852729
-62.2511165985375,-38.7272943405326,BUENOS AIRES,50002.00000,M,Miscelaneas,No apto agrricultura,No apto agrricultura,No apto agrricultura,0.00000,100.00000,Miscelanea,Miscelaneas,Miscelaneas,No Clasificado xx,No determinada,No determinada,-,0.00000,-,0.00000,-,-,-,-,0.00000,,,,,0.00000,,,,,3027.00000,0.008101,0.395476
-62.3469337259923,-38.9066568123681,BUENOS AIRES,1038.00000,EKac-1,Consociacion,Drenaje deficiente,Salin en 1ros 50cm,-,19.00000,100.00000,Llanura marina anegable,Entisoles,Ustifluventes,Ustifluventes acuico,Franca,Franco limosa,Muy pobre,110.00000,Ligera,0.00000,-,-,-,-,0.00000,,,,,0.00000,,,,,3034.00000,0.055691,4.729394
-61.5897854199185,-38.7740382476414,BUENOS AIRES,50015.00000,L,Agua,No apto agrricultura,No apto agrricultura,No apto agrricultura,0.00000,100.00000,Lago/laguna,Lagunas,Lagunas,No Clasificado xx,No determinada,No determinada,-,0.00000,-,0.00000,-,-,-,-,0.00000,,,,,0.00000,,,,,3039.00000,0.001339,0.226314
-62.1866591499688,-38.7822026543219,BUENOS AIRES,1034.00000,DKah-1,Asociacion,Salin en 1ros 50cm,Alcalin menos 50cm,Drenaje deficiente,26.00000,60.00000,Llanura,Aridisoles,Salortides,Salortides acuolico,Franco arenosa,Arcillo arenosa,Muy pobre,80.00000,Muy fuerte,0.00000,-,-,-,-,40.00000,Llanura,Molisoles,Natrustoles,Natrustoles tipico,0.00000,,,,,3045.00000,0.007296,0.626585
-61.7460920429942,-38.8815871593376,BUENOS AIRES,1184.00000,MNen-41,Asociacion,Suscep eros eolica,Baja retenc humedad,-,37.00000,50.00000,Loma,Molisoles,Haplustoles,Haplustoles entico,Franco arenosa,Franco arenosa,Excesivo,100.00000,No sodico,0.00000,-,Ligera,-,-,30.00000,Planicie,Molisoles,Haplustoles,Haplustoles tipico,20.00000,Cordon medanoso,Entisoles,Ustipsamentes,Ustipsamentes tipico,3056.00000,0.024721,1.294260
-62.0380449993068,-38.8464037715077,BUENOS AIRES,1034.00000,DKah-1,Asociacion,Salin en 1ros 50cm,Alcalin menos 50cm,Drenaje deficiente,26.00000,60.00000,Llanura,Aridisoles,Salortides,Salortides acuolico,Franco arenosa,Arcillo arenosa,Muy pobre,80.00000,Muy fuerte,0.00000,-,-,-,-,40.00000,Llanura,Molisoles,Natrustoles,Natrustoles tipico,0.00000,,,,,3057.00000,0.003378,0.505228
-62.166128047667,-38.8479976293536,BUENOS AIRES,1038.00000,EKac-1,Consociacion,Drenaje deficiente,Salin en 1ros 50cm,-,19.00000,100.00000,Llanura marina anegable,Entisoles,Ustifluventes,Ustifluventes acuico,Franca,Franco limosa,Muy pobre,110.00000,Ligera,0.00000,-,-,-,-,0.00000,,,,,0.00000,,,,,3060.00000,0.003084,0.333295
-62.0883892784023,-38.8877933117898,BUENOS AIRES,50002.00000,M,Miscelaneas,No apto agrricultura,No apto agrricultura,No apto agrricultura,0.00000,100.00000,Miscelanea,Miscelaneas,Miscelaneas,No Clasificado xx,No determinada,No determinada,-,0.00000,-,0.00000,-,-,-,-,0.00000,,,,,0.00000,,,,,3064.00000,0.001493,0.314691
-62.0421978435011,-38.8631355412603,BUENOS AIRES,1176.00000,MNen-24,Asociacion,Erosion eolica actua,Baja retenc humedad,-,23.00000,60.00000,Planicie,Molisoles,Haplustoles,Haplustoles entico,Franco arenosa,Franco arenosa,Excesivo,100.00000,No sodico,0.00000,-,Ligera,-,-,40.00000,Planicie arenosa,Entisoles,Ustipsamentes,Ustipsamentes tipico,0.00000,,,,,3066.00000,0.002551,0.342725
-62.2433979936406,-38.8540453685213,BUENOS AIRES,1038.00000,EKac-1,Consociacion,Drenaje deficiente,Salin en 1ros 50cm,-,19.00000,100.00000,Llanura marina anegable,Entisoles,Ustifluventes,Ustifluventes acuico,Franca,Franco limosa,Muy pobre,110.00000,Ligera,0.00000,-,-,-,-,0.00000,,,,,0.00000,,,,,3067.00000,0.000517,0.101530
-61.8329298700053,-38.8981975159539,BUENOS AIRES,1034.00000,DKah-1,Asociacion,Salin en 1ros 50cm,Alcalin menos 50cm,Drenaje deficiente,26.00000,60.00000,Llanura,Aridisoles,Salortides,Salortides acuolico,Franco arenosa,Arcillo arenosa,Muy pobre,80.00000,Muy fuerte,0.00000,-,-,-,-,40.00000,Llanura,Molisoles,Natrustoles,Natrustoles tipico,0.00000,,,,,3068.00000,0.004589,0.452704
-62.2211384062896,-38.8609236497378,BUENOS AIRES,1038.00000,EKac-1,Consociacion,Drenaje deficiente,Salin en 1ros 50cm,-,19.00000,100.00000,Llanura marina anegable,Entisoles,Ustifluventes,Ustifluventes acuico,Franca,Franco limosa,Muy pobre,110.00000,Ligera,0.00000,-,-,-,-,0.00000,,,,,0.00000,,,,,3070.00000,0.000140,0.045237
-62.1681223131265,-38.8782831864172,BUENOS AIRES,1038.00000,EKac-1,Consociacion,Drenaje deficiente,Salin en 1ros 50cm,-,19.00000,100.00000,Llanura marina anegable,Entisoles,Ustifluventes,Ustifluventes acuico,Franca,Franco limosa,Muy pobre,110.00000,Ligera,0.00000,-,-,-,-,0.00000,,,,,0.00000,,,,,3073.00000,0.001136,0.178216
-62.3017961103311,-38.8905826813632,BUENOS AIRES,1039.00000,EKac-2,Asociacion,Alcalin menos 50cm,Drenaje deficiente,-,27.00000,60.00000,Loma,Entisoles,Ustifluventes,Ustifluventes acuico,Franca,Franco limosa,Muy pobre,110.00000,Ligera,0.00000,-,-,-,-,40.00000,Depresion cerrada,Alfisoles,Natrustalfes,Natrustalfes tipico,0.00000,,,,,3078.00000,0.000280,0.068919
-62.2388822121949,-38.8970536572737,BUENOS AIRES,1039.00000,EKac-2,Asociacion,Alcalin menos 50cm,Drenaje deficiente,-,27.00000,60.00000,Loma,Entisoles,Ustifluventes,Ustifluventes acuico,Franca,Franco limosa,Muy pobre,110.00000,Ligera,0.00000,-,-,-,-,40.00000,Depresion cerrada,Alfisoles,Natrustalfes,Natrustalfes tipico,0.00000,,,,,3079.00000,0.000156,0.057526
-61.9704594612801,-38.9273240020831,BUENOS AIRES,1176.00000,MNen-24,Asociacion,Erosion eolica actua,Baja retenc humedad,-,23.00000,60.00000,Planicie,Molisoles,Haplustoles,Haplustoles entico,Franco arenosa,Franco arenosa,Excesivo,100.00000,No sodico,0.00000,-,Ligera,-,-,40.00000,Planicie arenosa,Entisoles,Ustipsamentes,Ustipsamentes tipico,0.00000,,,,,3080.00000,0.004645,0.544722
-62.2539012653304,-38.9020445005305,BUENOS AIRES,1039.00000,EKac-2,Asociacion,Alcalin menos 50cm,Drenaje deficiente,-,27.00000,60.00000,Loma,Entisoles,Ustifluventes,Ustifluventes acuico,Franca,Franco limosa,Muy pobre,110.00000,Ligera,0.00000,-,-,-,-,40.00000,Depresion cerrada,Alfisoles,Natrustalfes,Natrustalfes tipico,0.00000,,,,,3081.00000,0.000032,0.021253
-62.0879335859765,-38.9136114141789,BUENOS AIRES,1038.00000,EKac-1,Consociacion,Drenaje deficiente,Salin en 1ros 50cm,-,19.00000,100.00000,Llanura marina anegable,Entisoles,Ustifluventes,Ustifluventes acuico,Franca,Franco limosa,Muy pobre,110.00000,Ligera,0.00000,-,-,-,-,0.00000,,,,,0.00000,,,,,3082.00000,0.000350,0.075894
-62.3033372249163,-38.9088487808263,BUENOS AIRES,1039.00000,EKac-2,Asociacion,Alcalin menos 50cm,Drenaje deficiente,-,27.00000,60.00000,Loma,Entisoles,Ustifluventes,Ustifluventes acuico,Franca,Franco limosa,Muy pobre,110.00000,Ligera,0.00000,-,-,-,-,40.00000,Depresion cerrada,Alfisoles,Natrustalfes,Natrustalfes tipico,0.00000,,,,,3083.00000,0.000115,0.048546
-62.2801908507245,-38.9177710929013,BUENOS AIRES,1039.00000,EKac-2,Asociacion,Alcalin menos 50cm,Drenaje deficiente,-,27.00000,60.00000,Loma,Entisoles,Ustifluventes,Ustifluventes acuico,Franca,Franco limosa,Muy pobre,110.00000,Ligera,0.00000,-,-,-,-,40.00000,Depresion cerrada,Alfisoles,Natrustalfes,Natrustalfes tipico,0.00000,,,,,3084.00000,0.000122,0.048135
-62.3114207367625,-38.9174911549584,BUENOS AIRES,1039.00000,EKac-2,Asociacion,Alcalin menos 50cm,Drenaje deficiente,-,27.00000,60.00000,Loma,Entisoles,Ustifluventes,Ustifluventes acuico,Franca,Franco limosa,Muy pobre,110.00000,Ligera,0.00000,-,-,-,-,40.00000,Depresion cerrada,Alfisoles,Natrustalfes,Natrustalfes tipico,0.00000,,,,,3085.00000,0.000060,0.029621
-62.2366607120804,-38.9186409368527,BUENOS AIRES,1039.00000,EKac-2,Asociacion,Alcalin menos 50cm,Drenaje deficiente,-,27.00000,60.00000,Loma,Entisoles,Ustifluventes,Ustifluventes acuico,Franca,Franco limosa,Muy pobre,110.00000,Ligera,0.00000,-,-,-,-,40.00000,Depresion cerrada,Alfisoles,Natrustalfes,Natrustalfes tipico,0.00000,,,,,3086.00000,0.000062,0.031843
-62.2530869171188,-38.9241298407825,BUENOS AIRES,1039.00000,EKac-2,Asociacion,Alcalin menos 50cm,Drenaje deficiente,-,27.00000,60.00000,Loma,Entisoles,Ustifluventes,Ustifluventes acuico,Franca,Franco limosa,Muy pobre,110.00000,Ligera,0.00000,-,-,-,-,40.00000,Depresion cerrada,Alfisoles,Natrustalfes,Natrustalfes tipico,0.00000,,,,,3087.00000,0.000057,0.027886
-62.2209206249545,-38.9330832527199,BUENOS AIRES,1039.00000,EKac-2,Asociacion,Alcalin menos 50cm,Drenaje deficiente,-,27.00000,60.00000,Loma,Entisoles,Ustifluventes,Ustifluventes acuico,Franca,Franco limosa,Muy pobre,110.00000,Ligera,0.00000,-,-,-,-,40.00000,Depresion cerrada,Alfisoles,Natrustalfes,Natrustalfes tipico,0.00000,,,,,3088.00000,0.000211,0.060386
-61.4565415763983,-36.8518229766644,BUENOS AIRES,1105.00000,MItc-38,Asociacion,Prof.Efectiva somera,Alcalin menos 50cm,-,50.00000,50.00000,Loma,Molisoles,Argiudoles,Argiudoles tipico,Franco limosa,Franco arcillo limos,Bien drenado,100.00000,No sodico,0.00000,-,-,-,-,30.00000,Loma,Molisoles,Hapludoles,Hapludoles tapto natrico,20.00000,V�a de escurrimiento,Molisoles,Natracuoles,Natracuoles tipico,3352.00000,0.029569,2.102451
-61.797835740078,-36.8073857817059,BUENOS AIRES,1017.00000,CoEP,Complejo indifer,Suscep inund o anega,Salin en 1ros 50cm,Alcalin menos 50cm,5.00000,100.00000,Plano bajo,Complejo indiferenci,Complejo indiferenciado,No Clasificado xx,No determinada,No determinada,-,0.00000,Mod.a fuerte,0.00000,-,-,-,-,0.00000,,,,,0.00000,,,,,3356.00000,0.014496,1.524398
-61.6211973177258,-36.7858787913371,BUENOS AIRES,1054.00000,MAtc-4,Complejo,Drenaje deficiente,Prof.Efectiva somera,-,42.00000,50.00000,Cubetas,Molisoles,Argialboles,Argialboles tipico,Franca,Franco arcillosa,Imperfecto,100.00000,No sodico,0.00000,-,-,-,-,30.00000,Microloma,Molisoles,Argiudoles,Argiudoles tipico,20.00000,Planicie,Molisoles,Natracuoles,Natracuoles tipico,3360.00000,0.013847,0.727808
-61.5653829646988,-36.9891608632351,BUENOS AIRES,1065.00000,MGtc-18,Complejo,Alcalin menos 50cm,Prof.Efectiva somera,-,26.00000,50.00000,Plano inundable,Molisoles,Natracuoles,Natracuoles tipico,Franco limosa,Arcillosa,Imperfecto,50.00000,Debil,0.00000,-,-,-,-,30.00000,Plano inundable,Alfisoles,Natracualfes,Natracualfes tipico,20.00000,Loma,Molisoles,Hapludoles,Hapludoles tapto argico,3367.00000,0.076315,2.410250
-61.5391179885611,-36.7707275042114,BUENOS AIRES,50015.00000,L,Agua,No apto agrricultura,No apto agrricultura,No apto agrricultura,0.00000,100.00000,Lago/laguna,Lagunas,Lagunas,No Clasificado xx,No determinada,No determinada,-,0.00000,-,0.00000,-,-,-,-,0.00000,,,,,0.00000,,,,,3375.00000,0.000982,0.183782
-61.8014731386072,-36.7948700138183,BUENOS AIRES,1162.00000,MJtc-8,Asociacion,Prof.Efectiva somera,-,-,35.00000,50.00000,Loma,Molisoles,Hapludoles,Hapludoles tipico,Franca,Franca,Bien drenado,100.00000,No sodico,0.00000,-,Moderada,-,-,30.00000,Microloma,Molisoles,Hapludoles,Hapludoles entico,20.00000,Llanura,Molisoles,Argiudoles,Argiudoles tipico,3378.00000,0.001238,0.194941
-62.453294898831,-36.8395248359575,BUENOS AIRES,1017.00000,CoEP,Complejo indifer,Suscep inund o anega,Salin en 1ros 50cm,Alcalin menos 50cm,5.00000,100.00000,Plano bajo,Complejo indiferenci,Complejo indiferenciado,No Clasificado xx,No determinada,No determinada,-,0.00000,Mod.a fuerte,0.00000,-,-,-,-,0.00000,,,,,0.00000,,,,,3381.00000,0.012543,1.853172
-61.7468096501984,-36.8324455085499,BUENOS AIRES,1105.00000,MItc-38,Asociacion,Prof.Efectiva somera,Alcalin menos 50cm,-,50.00000,50.00000,Loma,Molisoles,Argiudoles,Argiudoles tipico,Franco limosa,Franco arcillo limos,Bien drenado,100.00000,No sodico,0.00000,-,-,-,-,30.00000,Loma,Molisoles,Hapludoles,Hapludoles tapto natrico,20.00000,V�a de escurrimiento,Molisoles,Natracuoles,Natracuoles tipico,3382.00000,0.004285,0.295518
-62.3120420442851,-36.9256197256278,BUENOS AIRES,50015.00000,L,Agua,No apto agrricultura,No apto agrricultura,No apto agrricultura,0.00000,100.00000,Lago/laguna,Lagunas,Lagunas,No Clasificado xx,No determinada,No determinada,-,0.00000,-,0.00000,-,-,-,-,0.00000,,,,,0.00000,,,,,3383.00000,0.038720,2.333124
-61.8504263566089,-36.8001526613819,BUENOS AIRES,1162.00000,MJtc-8,Asociacion,Prof.Efectiva somera,-,-,35.00000,50.00000,Loma,Molisoles,Hapludoles,Hapludoles tipico,Franca,Franca,Bien drenado,100.00000,No sodico,0.00000,-,Moderada,-,-,30.00000,Microloma,Molisoles,Hapludoles,Hapludoles entico,20.00000,Llanura,Molisoles,Argiudoles,Argiudoles tipico,3386.00000,0.000400,0.091344
-61.921952392577,-36.8405982961865,BUENOS AIRES,1162.00000,MJtc-8,Asociacion,Prof.Efectiva somera,-,-,35.00000,50.00000,Loma,Molisoles,Hapludoles,Hapludoles tipico,Franca,Franca,Bien drenado,100.00000,No sodico,0.00000,-,Moderada,-,-,30.00000,Microloma,Molisoles,Hapludoles,Hapludoles entico,20.00000,Llanura,Molisoles,Argiudoles,Argiudoles tipico,3390.00000,0.006052,0.792901
-62.2435462384575,-36.8427508308854,BUENOS AIRES,1182.00000,MNen-39,Asociacion,Baja retenc humedad,Drenaje deficiente,-,49.00000,50.00000,Loma,Molisoles,Haplustoles,Haplustoles entico,Franco arenosa,Franco arenosa,Excesivo,100.00000,No sodico,0.00000,-,Ligera,-,-,30.00000,Loma,Molisoles,Argiustoles,Argiustoles tipico,20.00000,Bajo,Molisoles,Argiudoles,Argiudoles acuico,3393.00000,0.003544,0.288731
-62.296745656446,-36.8605145443546,BUENOS AIRES,50015.00000,L,Agua,No apto agrricultura,No apto agrricultura,No apto agrricultura,0.00000,100.00000,Lago/laguna,Lagunas,Lagunas,No Clasificado xx,No determinada,No determinada,-,0.00000,-,0.00000,-,-,-,-,0.00000,,,,,0.00000,,,,,3397.00000,0.000549,0.132467
-62.2730575889201,-37.139962888353,BUENOS AIRES,1162.00000,MJtc-8,Asociacion,Prof.Efectiva somera,-,-,35.00000,50.00000,Loma,Molisoles,Hapludoles,Hapludoles tipico,Franca,Franca,Bien drenado,100.00000,No sodico,0.00000,-,Moderada,-,-,30.00000,Microloma,Molisoles,Hapludoles,Hapludoles entico,20.00000,Llanura,Molisoles,Argiudoles,Argiudoles tipico,3401.00000,0.097505,4.014935
-61.9295854146056,-36.8922104104216,BUENOS AIRES,1017.00000,CoEP,Complejo indifer,Suscep inund o anega,Salin en 1ros 50cm,Alcalin menos 50cm,5.00000,100.00000,Plano bajo,Complejo indiferenci,Complejo indiferenciado,No Clasificado xx,No determinada,No determinada,-,0.00000,Mod.a fuerte,0.00000,-,-,-,-,0.00000,,,,,0.00000,,,,,3403.00000,0.004932,0.503108
-61.7395567368312,-36.9875162374994,BUENOS AIRES,1090.00000,MItc-24,Asociacion,Prof.Efectiva somera,Alcalin menos 50cm,-,50.00000,50.00000,Loma,Molisoles,Argiudoles,Argiudoles tipico,Franco limosa,Franco arcillo limos,Bien drenado,100.00000,No sodico,0.00000,-,-,-,-,30.00000,Cubetas,Molisoles,Argialboles,Argialboles tipico,20.00000,Plano inundable,Molisoles,Natracuoles,Natracuoles tipico,3408.00000,0.020375,0.941221
-62.1814748487228,-37.005479599829,BUENOS AIRES,1002.00000,AEtc-11,Asociacion,Alcalin menos 50cm,Drenaje deficiente,-,27.00000,60.00000,Planicie anegable,Alfisoles,Natracualfes,Natracualfes tipico,Franco limosa,Franco arcillosa,Pobre,50.00000,Muy fuerte,0.00000,-,-,-,-,40.00000,Plano deprimido,Molisoles,Argialboles,Argialboles argiacuico,0.00000,,,,,3411.00000,0.016251,1.998211
-62.1561223878161,-36.9072052044258,BUENOS AIRES,1147.00000,MJen-21,Asociacion,Prof.Efectiva somera,Baja retenc humedad,-,40.00000,50.00000,Pendiente,Molisoles,Hapludoles,Hapludoles entico,Franco arenosa,Franco arenosa,Bien drenado,100.00000,No sodico,1.00000,-,Moderada,-,-,30.00000,Pendiente,Molisoles,Argiudoles,Argiudoles tipico,20.00000,Planicie,Molisoles,Hapludoles,Hapludoles tipico,3412.00000,0.001034,0.141191
-61.8998589848602,-36.9433617862059,BUENOS AIRES,1002.00000,AEtc-11,Asociacion,Alcalin menos 50cm,Drenaje deficiente,-,27.00000,60.00000,Planicie anegable,Alfisoles,Natracualfes,Natracualfes tipico,Franco limosa,Franco arcillosa,Pobre,50.00000,Muy fuerte,0.00000,-,-,-,-,40.00000,Plano deprimido,Molisoles,Argialboles,Argialboles argiacuico,0.00000,,,,,3415.00000,0.012462,0.729467
-62.2309438172064,-36.9334464661285,BUENOS AIRES,1147.00000,MJen-21,Asociacion,Prof.Efectiva somera,Baja retenc humedad,-,40.00000,50.00000,Pendiente,Molisoles,Hapludoles,Hapludoles entico,Franco arenosa,Franco arenosa,Bien drenado,100.00000,No sodico,1.00000,-,Moderada,-,-,30.00000,Pendiente,Molisoles,Argiudoles,Argiudoles tipico,20.00000,Planicie,Molisoles,Hapludoles,Hapludoles tipico,3423.00000,0.004214,0.389676
-62.3999134290031,-37.0673448996049,BUENOS AIRES,1147.00000,MJen-21,Asociacion,Prof.Efectiva somera,Baja retenc humedad,-,40.00000,50.00000,Pendiente,Molisoles,Hapludoles,Hapludoles entico,Franco arenosa,Franco arenosa,Bien drenado,100.00000,No sodico,1.00000,-,Moderada,-,-,30.00000,Pendiente,Molisoles,Argiudoles,Argiudoles tipico,20.00000,Planicie,Molisoles,Hapludoles,Hapludoles tipico,3429.00000,0.039343,1.983347
-62.2050033962417,-36.9952408492443,BUENOS AIRES,1147.00000,MJen-21,Asociacion,Prof.Efectiva somera,Baja retenc humedad,-,40.00000,50.00000,Pendiente,Molisoles,Hapludoles,Hapludoles entico,Franco arenosa,Franco arenosa,Bien drenado,100.00000,No sodico,1.00000,-,Moderada,-,-,30.00000,Pendiente,Molisoles,Argiudoles,Argiudoles tipico,20.00000,Planicie,Molisoles,Hapludoles,Hapludoles tipico,3430.00000,0.006521,0.491185
-61.8565593111998,-37.190840285461,BUENOS AIRES,1104.00000,MItc-37,Complejo,Sin limitaciones,-,-,65.00000,50.00000,Loma,Molisoles,Argiudoles,Argiudoles tipico,Franco limosa,Franco arcillo limos,Bien drenado,100.00000,No sodico,0.00000,-,-,-,-,30.00000,Loma,Molisoles,Hapludoles,Hapludoles tapto argico,20.00000,Loma,Molisoles,Hapludoles,Hapludoles tipico,3437.00000,0.134840,5.314925
-61.9135612718188,-37.0133892459537,BUENOS AIRES,1090.00000,MItc-24,Asociacion,Prof.Efectiva somera,Alcalin menos 50cm,-,50.00000,50.00000,Loma,Molisoles,Argiudoles,Argiudoles tipico,Franco limosa,Franco arcillo limos,Bien drenado,100.00000,No sodico,0.00000,-,-,-,-,30.00000,Cubetas,Molisoles,Argialboles,Argialboles tipico,20.00000,Plano inundable,Molisoles,Natracuoles,Natracuoles tipico,3447.00000,0.000836,0.168358
-61.8057929290631,-37.0390034808924,BUENOS AIRES,1091.00000,MItc-25,Asociacion,Drenaje deficiente,Alcalin menos 50cm,-,47.00000,50.00000,Loma,Molisoles,Argiudoles,Argiudoles tipico,Franco limosa,Franco arcillo limos,Bien drenado,100.00000,No sodico,0.00000,-,-,-,-,30.00000,Cubetas,Molisoles,Argialboles,Argialboles tipico,20.00000,V�a de escurrimiento,Molisoles,Natracuoles,Natracuoles tipico,3452.00000,0.002259,0.237157
-62.32411347873,-37.0365306281343,BUENOS AIRES,50015.00000,L,Agua,No apto agrricultura,No apto agrricultura,No apto agrricultura,0.00000,100.00000,Lago/laguna,Lagunas,Lagunas,No Clasificado xx,No determinada,No determinada,-,0.00000,-,0.00000,-,-,-,-,0.00000,,,,,0.00000,,,,,3458.00000,0.000191,0.056398
-62.3059973908552,-37.0613856324804,BUENOS AIRES,50015.00000,L,Agua,No apto agrricultura,No apto agrricultura,No apto agrricultura,0.00000,100.00000,Lago/laguna,Lagunas,Lagunas,No Clasificado xx,No determinada,No determinada,-,0.00000,-,0.00000,-,-,-,-,0.00000,,,,,0.00000,,,,,3465.00000,0.000476,0.087911
-61.8131690020683,-37.1059523914304,BUENOS AIRES,1090.00000,MItc-24,Asociacion,Prof.Efectiva somera,Alcalin menos 50cm,-,50.00000,50.00000,Loma,Molisoles,Argiudoles,Argiudoles tipico,Franco limosa,Franco arcillo limos,Bien drenado,100.00000,No sodico,0.00000,-,-,-,-,30.00000,Cubetas,Molisoles,Argialboles,Argialboles tipico,20.00000,Plano inundable,Molisoles,Natracuoles,Natracuoles tipico,3466.00000,0.001078,0.168629
-62.3537946609056,-37.1505550689267,BUENOS AIRES,1002.00000,AEtc-11,Asociacion,Alcalin menos 50cm,Drenaje deficiente,-,27.00000,60.00000,Planicie anegable,Alfisoles,Natracualfes,Natracualfes tipico,Franco limosa,Franco arcillosa,Pobre,50.00000,Muy fuerte,0.00000,-,-,-,-,40.00000,Plano deprimido,Molisoles,Argialboles,Argialboles argiacuico,0.00000,,,,,3470.00000,0.006877,0.673071
-61.5985026532205,-37.1117446027036,BUENOS AIRES,1065.00000,MGtc-18,Complejo,Alcalin menos 50cm,Prof.Efectiva somera,-,26.00000,50.00000,Plano inundable,Molisoles,Natracuoles,Natracuoles tipico,Franco limosa,Arcillosa,Imperfecto,50.00000,Debil,0.00000,-,-,-,-,30.00000,Plano inundable,Alfisoles,Natracualfes,Natracualfes tipico,20.00000,Loma,Molisoles,Hapludoles,Hapludoles tapto argico,3476.00000,0.000729,0.107732
-61.9856093117774,-37.1109521028643,BUENOS AIRES,1090.00000,MItc-24,Asociacion,Prof.Efectiva somera,Alcalin menos 50cm,-,50.00000,50.00000,Loma,Molisoles,Argiudoles,Argiudoles tipico,Franco limosa,Franco arcillo limos,Bien drenado,100.00000,No sodico,0.00000,-,-,-,-,30.00000,Cubetas,Molisoles,Argialboles,Argialboles tipico,20.00000,Plano inundable,Molisoles,Natracuoles,Natracuoles tipico,3477.00000,0.000161,0.058120
-61.6525130256035,-37.1418535482031,BUENOS AIRES,1065.00000,MGtc-18,Complejo,Alcalin menos 50cm,Prof.Efectiva somera,-,26.00000,50.00000,Plano inundable,Molisoles,Natracuoles,Natracuoles tipico,Franco limosa,Arcillosa,Imperfecto,50.00000,Debil,0.00000,-,-,-,-,30.00000,Plano inundable,Alfisoles,Natracualfes,Natracualfes tipico,20.00000,Loma,Molisoles,Hapludoles,Hapludoles tapto argico,3481.00000,0.002109,0.222119
-62.0062384227736,-37.3295494402752,BUENOS AIRES,1069.00000,MGtc-4,Asociacion,Alcalin menos 50cm,-,-,36.00000,60.00000,V�a de escurrimiento,Molisoles,Natracuoles,Natracuoles tipico,Franco limosa,Arcillosa,Imperfecto,50.00000,Debil,0.00000,-,-,-,-,40.00000,Albardon,Molisoles,Hapludoles,Hapludoles tapto argico,0.00000,,,,,3482.00000,0.008704,1.139115
-62.1130469982659,-37.3807685271463,BUENOS AIRES,1069.00000,MGtc-4,Asociacion,Alcalin menos 50cm,-,-,36.00000,60.00000,V�a de escurrimiento,Molisoles,Natracuoles,Natracuoles tipico,Franco limosa,Arcillosa,Imperfecto,50.00000,Debil,0.00000,-,-,-,-,40.00000,Albardon,Molisoles,Hapludoles,Hapludoles tapto argico,0.00000,,,,,3483.00000,0.011474,1.512336
-62.070246054149,-37.232821423457,BUENOS AIRES,1069.00000,MGtc-4,Asociacion,Alcalin menos 50cm,-,-,36.00000,60.00000,V�a de escurrimiento,Molisoles,Natracuoles,Natracuoles tipico,Franco limosa,Arcillosa,Imperfecto,50.00000,Debil,0.00000,-,-,-,-,40.00000,Albardon,Molisoles,Hapludoles,Hapludoles tapto argico,0.00000,,,,,3486.00000,0.001847,0.416391
-61.9684221450411,-37.1857307777122,BUENOS AIRES,1090.00000,MItc-24,Asociacion,Prof.Efectiva somera,Alcalin menos 50cm,-,50.00000,50.00000,Loma,Molisoles,Argiudoles,Argiudoles tipico,Franco limosa,Franco arcillo limos,Bien drenado,100.00000,No sodico,0.00000,-,-,-,-,30.00000,Cubetas,Molisoles,Argialboles,Argialboles tipico,20.00000,Plano inundable,Molisoles,Natracuoles,Natracuoles tipico,3489.00000,0.001030,0.203723
-61.4564588335215,-37.2020718957275,BUENOS AIRES,1105.00000,MItc-38,Asociacion,Prof.Efectiva somera,Alcalin menos 50cm,-,50.00000,50.00000,Loma,Molisoles,Argiudoles,Argiudoles tipico,Franco limosa,Franco arcillo limos,Bien drenado,100.00000,No sodico,0.00000,-,-,-,-,30.00000,Loma,Molisoles,Hapludoles,Hapludoles tapto natrico,20.00000,V�a de escurrimiento,Molisoles,Natracuoles,Natracuoles tipico,3491.00000,0.009354,1.087144
-62.1739881261796,-37.2438520662769,BUENOS AIRES,1155.00000,MJpa-1,Asociacion,Prof.Efectiva somera,Baja retenc humedad,-,40.00000,60.00000,Pendiente,Molisoles,Hapludoles,Hapludoles petrocalcico,Franco arcillosa,No determinada,Moderado,22.00000,No sodico,0.00000,-,-,-,-,40.00000,Plano ondulado,Molisoles,Hapludoles,Hapludoles tipico,0.00000,,,,,3492.00000,0.015623,0.849453
-61.9093051803397,-37.168885331958,BUENOS AIRES,1090.00000,MItc-24,Asociacion,Prof.Efectiva somera,Alcalin menos 50cm,-,50.00000,50.00000,Loma,Molisoles,Argiudoles,Argiudoles tipico,Franco limosa,Franco arcillo limos,Bien drenado,100.00000,No sodico,0.00000,-,-,-,-,30.00000,Cubetas,Molisoles,Argialboles,Argialboles tipico,20.00000,Plano inundable,Molisoles,Natracuoles,Natracuoles tipico,3495.00000,0.000695,0.107558
-61.5622952751923,-37.2064676360184,BUENOS AIRES,1119.00000,MJ:ag-17,Complejo,Drenaje deficiente,-,-,53.00000,50.00000,Loma,Molisoles,Hapludoles,Hapludoles tapto argico,Franca,Franco arcillosa,Bien drenado,120.00000,No sodico,0.00000,-,-,-,-,30.00000,Microloma,Molisoles,Hapludoles,Hapludoles tapto natrico,20.00000,Planicie,Molisoles,Argiudoles,Argiudoles tipico,3506.00000,0.001994,0.176091
-61.7348804725646,-37.2189459749454,BUENOS AIRES,1090.00000,MItc-24,Asociacion,Prof.Efectiva somera,Alcalin menos 50cm,-,50.00000,50.00000,Loma,Molisoles,Argiudoles,Argiudoles tipico,Franco limosa,Franco arcillo limos,Bien drenado,100.00000,No sodico,0.00000,-,-,-,-,30.00000,Cubetas,Molisoles,Argialboles,Argialboles tipico,20.00000,Plano inundable,Molisoles,Natracuoles,Natracuoles tipico,3507.00000,0.002909,0.301703
-61.8768226574508,-37.2443748615038,BUENOS AIRES,1090.00000,MItc-24,Asociacion,Prof.Efectiva somera,Alcalin menos 50cm,-,50.00000,50.00000,Loma,Molisoles,Argiudoles,Argiudoles tipico,Franco limosa,Franco arcillo limos,Bien drenado,100.00000,No sodico,0.00000,-,-,-,-,30.00000,Cubetas,Molisoles,Argialboles,Argialboles tipico,20.00000,Plano inundable,Molisoles,Natracuoles,Natracuoles tipico,3515.00000,0.001455,0.216683
-61.6541451200458,-37.2239695586942,BUENOS AIRES,1090.00000,MItc-24,Asociacion,Prof.Efectiva somera,Alcalin menos 50cm,-,50.00000,50.00000,Loma,Molisoles,Argiudoles,Argiudoles tipico,Franco limosa,Franco arcillo limos,Bien drenado,100.00000,No sodico,0.00000,-,-,-,-,30.00000,Cubetas,Molisoles,Argialboles,Argialboles tipico,20.00000,Plano inundable,Molisoles,Natracuoles,Natracuoles tipico,3519.00000,0.000737,0.136271
-61.9435974941985,-37.2621851018624,BUENOS AIRES,1090.00000,MItc-24,Asociacion,Prof.Efectiva somera,Alcalin menos 50cm,-,50.00000,50.00000,Loma,Molisoles,Argiudoles,Argiudoles tipico,Franco limosa,Franco arcillo limos,Bien drenado,100.00000,No sodico,0.00000,-,-,-,-,30.00000,Cubetas,Molisoles,Argialboles,Argialboles tipico,20.00000,Plano inundable,Molisoles,Natracuoles,Natracuoles tipico,3528.00000,0.000451,0.111700
-62.2014713975625,-37.244264772693,BUENOS AIRES,50015.00000,L,Agua,No apto agrricultura,No apto agrricultura,No apto agrricultura,0.00000,100.00000,Lago/laguna,Lagunas,Lagunas,No Clasificado xx,No determinada,No determinada,-,0.00000,-,0.00000,-,-,-,-,0.00000,,,,,0.00000,,,,,3529.00000,0.000328,0.078962
-62.3744565900433,-37.3909671562657,BUENOS AIRES,1185.00000,MNen-42,Asociacion,Prof.Efectiva somera,Erosion eolica actua,Baja retenc humedad,33.00000,50.00000,Planicie,Molisoles,Haplustoles,Haplustoles entico,Franco arenosa,Franco arenosa,Excesivo,100.00000,No sodico,0.00000,-,Ligera,-,-,30.00000,Planicie,Molisoles,Haplustoles,Haplustoles entico,20.00000,Planicie,Molisoles,Argiustoles,Argiustoles tipico,3534.00000,0.003202,0.678691
-61.8038111858068,-37.358393126947,BUENOS AIRES,1090.00000,MItc-24,Asociacion,Prof.Efectiva somera,Alcalin menos 50cm,-,50.00000,50.00000,Loma,Molisoles,Argiudoles,Argiudoles tipico,Franco limosa,Franco arcillo limos,Bien drenado,100.00000,No sodico,0.00000,-,-,-,-,30.00000,Cubetas,Molisoles,Argialboles,Argialboles tipico,20.00000,Plano inundable,Molisoles,Natracuoles,Natracuoles tipico,3535.00000,0.008129,0.579136
-62.2072686491941,-37.2806085234501,BUENOS AIRES,50015.00000,L,Agua,No apto agrricultura,No apto agrricultura,No apto agrricultura,0.00000,100.00000,Lago/laguna,Lagunas,Lagunas,No Clasificado xx,No determinada,No determinada,-,0.00000,-,0.00000,-,-,-,-,0.00000,,,,,0.00000,,,,,3543.00000,0.000299,0.069486
-62.2208307301408,-37.4709592323525,BUENOS AIRES,1100.00000,MItc-33,Asociacion,Prof.Efectiva somera,Pedregosidad,-,65.00000,50.00000,Pendiente,Molisoles,Argiudoles,Argiudoles tipico,Franco limosa,Franco arcillo limos,Bien drenado,100.00000,No sodico,0.00000,-,-,-,-,30.00000,Planicie,Molisoles,Argiudoles,Argiudoles tipico,20.00000,Loma,Molisoles,Hapludoles,Hapludoles petrocalcico,3546.00000,0.076566,2.273098
-62.1934881607414,-37.3079728689266,BUENOS AIRES,50015.00000,L,Agua,No apto agrricultura,No apto agrricultura,No apto agrricultura,0.00000,100.00000,Lago/laguna,Lagunas,Lagunas,No Clasificado xx,No determinada,No determinada,-,0.00000,-,0.00000,-,-,-,-,0.00000,,,,,0.00000,,,,,3549.00000,0.000594,0.106238
-61.8934978524107,-37.3557619176568,BUENOS AIRES,1090.00000,MItc-24,Asociacion,Prof.Efectiva somera,Alcalin menos 50cm,-,50.00000,50.00000,Loma,Molisoles,Argiudoles,Argiudoles tipico,Franco limosa,Franco arcillo limos,Bien drenado,100.00000,No sodico,0.00000,-,-,-,-,30.00000,Cubetas,Molisoles,Argialboles,Argialboles tipico,20.00000,Plano inundable,Molisoles,Natracuoles,Natracuoles tipico,3553.00000,0.001310,0.237819
-61.8484922640184,-37.3558093528617,BUENOS AIRES,1099.00000,MItc-32,Asociacion,Prof.Efectiva somera,Suscep eros hidrica,-,55.00000,50.00000,Pendiente,Molisoles,Argiudoles,Argiudoles tipico,Franco limosa,Franco arcillo limos,Bien drenado,100.00000,No sodico,0.00000,-,-,-,-,30.00000,Pendiente,Molisoles,Argiudoles,Argiudoles tipico,20.00000,Afloramiento rocoso,Molisoles,Hapludoles,Hapludoles petrocalcico,3554.00000,0.002501,0.220165
-62.2838467467577,-37.3559656182241,BUENOS AIRES,1185.00000,MNen-42,Asociacion,Prof.Efectiva somera,Erosion eolica actua,Baja retenc humedad,33.00000,50.00000,Planicie,Molisoles,Haplustoles,Haplustoles entico,Franco arenosa,Franco arenosa,Excesivo,100.00000,No sodico,0.00000,-,Ligera,-,-,30.00000,Planicie,Molisoles,Haplustoles,Haplustoles entico,20.00000,Planicie,Molisoles,Argiustoles,Argiustoles tipico,3555.00000,0.001098,0.254640
-62.4294316636846,-37.4247154312142,BUENOS AIRES,1097.00000,MItc-30,Asociacion,Prof.Efectiva somera,-,-,65.00000,50.00000,Lomas con tosca subsup,Molisoles,Argiudoles,Argiudoles tipico,Franco limosa,Franco arcillo limos,Bien drenado,100.00000,No sodico,0.00000,-,-,-,-,30.00000,Planicie,Molisoles,Argiudoles,Argiudoles tipico,20.00000,Plano bajo,Molisoles,Natracuoles,Natracuoles tipico,3558.00000,0.021191,0.785009
-61.576436002672,-37.4415158819539,BUENOS AIRES,1097.00000,MItc-30,Asociacion,Prof.Efectiva somera,-,-,65.00000,50.00000,Lomas con tosca subsup,Molisoles,Argiudoles,Argiudoles tipico,Franco limosa,Franco arcillo limos,Bien drenado,100.00000,No sodico,0.00000,-,-,-,-,30.00000,Planicie,Molisoles,Argiudoles,Argiudoles tipico,20.00000,Plano bajo,Molisoles,Natracuoles,Natracuoles tipico,3561.00000,0.011171,0.739437
-61.880907236772,-37.4262568650257,BUENOS AIRES,1100.00000,MItc-33,Asociacion,Prof.Efectiva somera,Pedregosidad,-,65.00000,50.00000,Pendiente,Molisoles,Argiudoles,Argiudoles tipico,Franco limosa,Franco arcillo limos,Bien drenado,100.00000,No sodico,0.00000,-,-,-,-,30.00000,Planicie,Molisoles,Argiudoles,Argiudoles tipico,20.00000,Loma,Molisoles,Hapludoles,Hapludoles petrocalcico,3562.00000,0.018519,0.930334
-61.9528466395964,-37.3761068046132,BUENOS AIRES,1090.00000,MItc-24,Asociacion,Prof.Efectiva somera,Alcalin menos 50cm,-,50.00000,50.00000,Loma,Molisoles,Argiudoles,Argiudoles tipico,Franco limosa,Franco arcillo limos,Bien drenado,100.00000,No sodico,0.00000,-,-,-,-,30.00000,Cubetas,Molisoles,Argialboles,Argialboles tipico,20.00000,Plano inundable,Molisoles,Natracuoles,Natracuoles tipico,3569.00000,0.000301,0.087854
-61.796812556234,-37.5738024455243,BUENOS AIRES,1069.00000,MGtc-4,Asociacion,Alcalin menos 50cm,-,-,36.00000,60.00000,V�a de escurrimiento,Molisoles,Natracuoles,Natracuoles tipico,Franco limosa,Arcillosa,Imperfecto,50.00000,Debil,0.00000,-,-,-,-,40.00000,Albardon,Molisoles,Hapludoles,Hapludoles tapto argico,0.00000,,,,,3571.00000,0.015270,1.860069
-61.9741256870053,-37.5612877870245,BUENOS AIRES,1097.00000,MItc-30,Asociacion,Prof.Efectiva somera,-,-,65.00000,50.00000,Lomas con tosca subsup,Molisoles,Argiudoles,Argiudoles tipico,Franco limosa,Franco arcillo limos,Bien drenado,100.00000,No sodico,0.00000,-,-,-,-,30.00000,Planicie,Molisoles,Argiudoles,Argiudoles tipico,20.00000,Plano bajo,Molisoles,Natracuoles,Natracuoles tipico,3573.00000,0.052618,2.515886
-61.74045246181,-37.4706237074018,BUENOS AIRES,1100.00000,MItc-33,Asociacion,Prof.Efectiva somera,Pedregosidad,-,65.00000,50.00000,Pendiente,Molisoles,Argiudoles,Argiudoles tipico,Franco limosa,Franco arcillo limos,Bien drenado,100.00000,No sodico,0.00000,-,-,-,-,30.00000,Planicie,Molisoles,Argiudoles,Argiudoles tipico,20.00000,Loma,Molisoles,Hapludoles,Hapludoles petrocalcico,3579.00000,0.011212,0.653755
-61.4802108807869,-37.4296851896204,BUENOS AIRES,1097.00000,MItc-30,Asociacion,Prof.Efectiva somera,-,-,65.00000,50.00000,Lomas con tosca subsup,Molisoles,Argiudoles,Argiudoles tipico,Franco limosa,Franco arcillo limos,Bien drenado,100.00000,No sodico,0.00000,-,-,-,-,30.00000,Planicie,Molisoles,Argiudoles,Argiudoles tipico,20.00000,Plano bajo,Molisoles,Natracuoles,Natracuoles tipico,3586.00000,0.001572,0.175839
-62.4618721464308,-37.4986397730192,BUENOS AIRES,1097.00000,MItc-30,Asociacion,Prof.Efectiva somera,-,-,65.00000,50.00000,Lomas con tosca subsup,Molisoles,Argiudoles,Argiudoles tipico,Franco limosa,Franco arcillo limos,Bien drenado,100.00000,No sodico,0.00000,-,-,-,-,30.00000,Planicie,Molisoles,Argiudoles,Argiudoles tipico,20.00000,Plano bajo,Molisoles,Natracuoles,Natracuoles tipico,3596.00000,0.007208,0.415088
-61.813068332125,-37.5064124817125,BUENOS AIRES,1100.00000,MItc-33,Asociacion,Prof.Efectiva somera,Pedregosidad,-,65.00000,50.00000,Pendiente,Molisoles,Argiudoles,Argiudoles tipico,Franco limosa,Franco arcillo limos,Bien drenado,100.00000,No sodico,0.00000,-,-,-,-,30.00000,Planicie,Molisoles,Argiudoles,Argiudoles tipico,20.00000,Loma,Molisoles,Hapludoles,Hapludoles petrocalcico,3609.00000,0.000913,0.123291
-61.5771712729281,-37.5798293098717,BUENOS AIRES,1100.00000,MItc-33,Asociacion,Prof.Efectiva somera,Pedregosidad,-,65.00000,50.00000,Pendiente,Molisoles,Argiudoles,Argiudoles tipico,Franco limosa,Franco arcillo limos,Bien drenado,100.00000,No sodico,0.00000,-,-,-,-,30.00000,Planicie,Molisoles,Argiudoles,Argiudoles tipico,20.00000,Loma,Molisoles,Hapludoles,Hapludoles petrocalcico,3630.00000,0.003574,0.271179
-61.7308182578676,-37.6095552550751,BUENOS AIRES,1100.00000,MItc-33,Asociacion,Prof.Efectiva somera,Pedregosidad,-,65.00000,50.00000,Pendiente,Molisoles,Argiudoles,Argiudoles tipico,Franco limosa,Franco arcillo limos,Bien drenado,100.00000,No sodico,0.00000,-,-,-,-,30.00000,Planicie,Molisoles,Argiudoles,Argiudoles tipico,20.00000,Loma,Molisoles,Hapludoles,Hapludoles petrocalcico,3635.00000,0.008458,0.397617
-62.1810334888213,-37.705867818364,BUENOS AIRES,1099.00000,MItc-32,Asociacion,Prof.Efectiva somera,Suscep eros hidrica,-,55.00000,50.00000,Pendiente,Molisoles,Argiudoles,Argiudoles tipico,Franco limosa,Franco arcillo limos,Bien drenado,100.00000,No sodico,0.00000,-,-,-,-,30.00000,Pendiente,Molisoles,Argiudoles,Argiudoles tipico,20.00000,Afloramiento rocoso,Molisoles,Hapludoles,Hapludoles petrocalcico,3636.00000,0.067474,2.927335
-61.5371792264055,-37.6651024651024,BUENOS AIRES,1163.00000,MJtc-9,Asociacion,Prof.Efectiva somera,Erosion hidrica actu,-,53.00000,50.00000,Valle,Molisoles,Hapludoles,Hapludoles tipico,Franca,Franca,Bien drenado,100.00000,No sodico,0.00000,-,Moderada,-,-,30.00000,Pendiente,Molisoles,Hapludoles,Hapludoles entico,20.00000,Colinas de pendiente corta,Molisoles,Hapludoles,Hapludoles litico,3639.00000,0.020468,1.638872
-61.5073592339348,-37.6513401877716,BUENOS AIRES,1162.00000,MJtc-8,Asociacion,Prof.Efectiva somera,-,-,35.00000,50.00000,Loma,Molisoles,Hapludoles,Hapludoles tipico,Franca,Franca,Bien drenado,100.00000,No sodico,0.00000,-,Moderada,-,-,30.00000,Microloma,Molisoles,Hapludoles,Hapludoles entico,20.00000,Llanura,Molisoles,Argiudoles,Argiudoles tipico,3642.00000,0.005101,0.476615
-61.7367995585765,-37.7587151751712,BUENOS AIRES,1085.00000,MItc-17,Asociacion,Prof.Efectiva somera,-,-,49.00000,60.00000,Planicie,Molisoles,Argiudoles,Argiudoles tipico,Franco limosa,Franco arcillo limos,Bien drenado,100.00000,No sodico,0.00000,-,-,-,-,40.00000,Microloma,Molisoles,Hapludoles,Hapludoles litico,0.00000,,,,,3643.00000,0.059124,1.656412
-62.4139869413326,-37.6230946303582,BUENOS AIRES,1154.00000,MJli-4,Asociacion,Prof.Efectiva somera,Rocosidad,-,5.00000,60.00000,Afloramiento rocoso,Roca,Rocas,No Clasificado xx,No determinada,No determinada,-,0.00000,-,0.00000,-,-,-,-,40.00000,Pendiente,Molisoles,Hapludoles,Hapludoles litico,0.00000,,,,,3661.00000,0.000440,0.090265
-62.4615665369358,-37.6299344005949,BUENOS AIRES,1154.00000,MJli-4,Asociacion,Prof.Efectiva somera,Rocosidad,-,5.00000,60.00000,Afloramiento rocoso,Roca,Rocas,No Clasificado xx,No determinada,No determinada,-,0.00000,-,0.00000,-,-,-,-,40.00000,Pendiente,Molisoles,Hapludoles,Hapludoles litico,0.00000,,,,,3663.00000,0.000756,0.149498
-62.351764665028,-37.6358824331862,BUENOS AIRES,1154.00000,MJli-4,Asociacion,Prof.Efectiva somera,Rocosidad,-,5.00000,60.00000,Afloramiento rocoso,Roca,Rocas,No Clasificado xx,No determinada,No determinada,-,0.00000,-,0.00000,-,-,-,-,40.00000,Pendiente,Molisoles,Hapludoles,Hapludoles litico,0.00000,,,,,3666.00000,0.000425,0.114135
-61.7291058993603,-37.6856206201031,BUENOS AIRES,1100.00000,MItc-33,Asociacion,Prof.Efectiva somera,Pedregosidad,-,65.00000,50.00000,Pendiente,Molisoles,Argiudoles,Argiudoles tipico,Franco limosa,Franco arcillo limos,Bien drenado,100.00000,No sodico,0.00000,-,-,-,-,30.00000,Planicie,Molisoles,Argiudoles,Argiudoles tipico,20.00000,Loma,Molisoles,Hapludoles,Hapludoles petrocalcico,3672.00000,0.005291,0.456480
-61.9597973634232,-37.9717576019682,BUENOS AIRES,1154.00000,MJli-4,Asociacion,Prof.Efectiva somera,Rocosidad,-,5.00000,60.00000,Afloramiento rocoso,Roca,Rocas,No Clasificado xx,No determinada,No determinada,-,0.00000,-,0.00000,-,-,-,-,40.00000,Pendiente,Molisoles,Hapludoles,Hapludoles litico,0.00000,,,,,3675.00000,0.116948,5.150835
-62.186648693572,-37.7298774070901,BUENOS AIRES,1088.00000,MItc-22,Asociacion,Suscep eros hidrica,-,-,52.00000,50.00000,Pendiente,Molisoles,Hapludoles,Hapludoles tipico,Franca,Franca,Bien drenado,100.00000,No sodico,0.00000,-,Moderada,-,-,50.00000,Valle,Molisoles,Argiudoles,Argiudoles tipico,0.00000,,,,,3688.00000,0.001034,0.204523
-62.3754015262828,-37.919756883267,BUENOS AIRES,1100.00000,MItc-33,Asociacion,Prof.Efectiva somera,Pedregosidad,-,65.00000,50.00000,Pendiente,Molisoles,Argiudoles,Argiudoles tipico,Franco limosa,Franco arcillo limos,Bien drenado,100.00000,No sodico,0.00000,-,-,-,-,30.00000,Planicie,Molisoles,Argiudoles,Argiudoles tipico,20.00000,Loma,Molisoles,Hapludoles,Hapludoles petrocalcico,3704.00000,0.072914,1.956263
-61.687614326245,-38.0785279940968,BUENOS AIRES,1099.00000,MItc-32,Asociacion,Prof.Efectiva somera,Suscep eros hidrica,-,55.00000,50.00000,Pendiente,Molisoles,Argiudoles,Argiudoles tipico,Franco limosa,Franco arcillo limos,Bien drenado,100.00000,No sodico,0.00000,-,-,-,-,30.00000,Pendiente,Molisoles,Argiudoles,Argiudoles tipico,20.00000,Afloramiento rocoso,Molisoles,Hapludoles,Hapludoles petrocalcico,3720.00000,0.119525,6.254391
-62.2282421054292,-37.8650886024948,BUENOS AIRES,1099.00000,MItc-32,Asociacion,Prof.Efectiva somera,Suscep eros hidrica,-,55.00000,50.00000,Pendiente,Molisoles,Argiudoles,Argiudoles tipico,Franco limosa,Franco arcillo limos,Bien drenado,100.00000,No sodico,0.00000,-,-,-,-,30.00000,Pendiente,Molisoles,Argiudoles,Argiudoles tipico,20.00000,Afloramiento rocoso,Molisoles,Hapludoles,Hapludoles petrocalcico,3723.00000,0.019336,1.291089
-62.1189201729117,-37.8639566637444,BUENOS AIRES,1088.00000,MItc-22,Asociacion,Suscep eros hidrica,-,-,52.00000,50.00000,Pendiente,Molisoles,Hapludoles,Hapludoles tipico,Franca,Franca,Bien drenado,100.00000,No sodico,0.00000,-,Moderada,-,-,50.00000,Valle,Molisoles,Argiudoles,Argiudoles tipico,0.00000,,,,,3728.00000,0.004796,0.723476
-62.1390963431501,-37.8443565906167,BUENOS AIRES,1154.00000,MJli-4,Asociacion,Prof.Efectiva somera,Rocosidad,-,5.00000,60.00000,Afloramiento rocoso,Roca,Rocas,No Clasificado xx,No determinada,No determinada,-,0.00000,-,0.00000,-,-,-,-,40.00000,Pendiente,Molisoles,Hapludoles,Hapludoles litico,0.00000,,,,,3746.00000,0.003127,0.283687
